Source,ID,Age,Ageadj,FL,Day,Month,Year,Region,Sex
Chen,A-111,2,2.75,73,1,10,2002,Central,F
Chen,A-69,2,2.75,74,1,10,2002,Central,M
Chen,A-54,3,3.25,67,1,11,2002,Central,F
Chen,A-113,3,3.25,71,1,9,2002,Central,F
Chen,A-71,3,3.75,71,1,9,2002,Central,F
Chen,A-56,3,3.75,75,1,10,2002,Central,F
Chen,A-64,3,3.25,77,1,9,2002,Central,F
Chen,A-51,3,3.75,77,1,11,2002,Central,F
Chen,A-68,3,3.25,78,1,11,2002,Central,M
Chen,A-53,3,3.75,79,1,10,2002,Central,F
Chen,A-55,3,3.75,81,1,9,2002,Central,F
Chen,A-110,4,4.25,72,1,11,2002,Central,M
Chen,A-52,4,4.25,80,1,10,2002,Central,M
Chen,A-72,4,4.75,83,1,11,2002,Central,F
Chen,A-112,5,5.25,73,1,9,2002,Central,F
Chen,A-118,6,6.75,98,1,9,2002,Central,M
Chen,A-116,6,6.25,102,1,11,2002,Central,M
Chen,A-73,7,7.75,99,1,10,2002,Central,M
Chen,A-119,7,7.75,99,1,11,2002,Central,M
Chen,A-109,7,7.75,100,1,11,2002,Central,M
Chen,A-117,9,9.25,100,1,10,2002,Central,M
Chen,A-74,9,9.25,103,1,9,2002,Central,M
Chen,A-107,10,10.25,101,1,10,2002,Central,M
Chen,A-126,10,10.25,104,1,10,2002,Central,M
Chen,A-129,10,10.25,105,1,9,2002,Central,M
Chen,A-114,11,11.25,103,1,10,2002,Central,M
Chen,A-122,11,11.25,105,1,9,2002,Central,M
Chen,A-127,14,14.25,106,1,11,2002,Central,M
Chen,A-261,3,3.25,70,1,4,2006,Western,M
Chen,A-262,3,3.25,70,1,4,2006,Western,M
Chen,A-263,3,3.25,73,1,4,2006,Western,F
Chen,A-264,3,3.25,73,1,4,2006,Western,M
Chen,A-20,3,3.75,75,1,1,2002,Western,M
Chen,A-21,3,3.75,79,1,10,2001,Western,M
Chen,A-17,3,3.75,80,1,1,2002,Western,M
Chen,A-28,3,3.75,81,1,11,2001,Western,F
Chen,A-19,3,3.75,83,1,12,2001,Western,F
Chen,A-40,3,3.75,83,1,12,2001,Western,M
Chen,A-35,3,3.75,91,1,11,2001,Western,M
Chen,A-2,4,4.25,73,1,1,2002,Western,F
Chen,A-36,4,4.25,75,1,1,2002,Western,F
Chen,A-12,4,4.75,78,1,10,2001,Western,M
Chen,A-1,4,4.25,78,1,1,2002,Western,F
Chen,A-34,4,4.25,78,1,1,2002,Western,M
Chen,A-41,4,4.25,79,1,10,2001,Western,F
Chen,A-8,4,4.25,79,1,1,2002,Western,M
Chen,A-14,4,4.25,79,1,1,2002,Western,M
Chen,A-4,4,4.75,79,1,1,2002,Western,M
Chen,A-24,4,4.25,81,1,12,2001,Western,F
Chen,A-46,4,4.75,83,1,12,2001,Western,M
Chen,A-18,4,4.75,83,1,1,2002,Western,M
Chen,A-6,4,4.25,84,1,12,2001,Western,F
Chen,A-26,4,4.25,84,1,10,2001,Western,M
Chen,A-11,4,4.25,85,1,11,2001,Western,F
Chen,A-5,4,4.75,85,1,10,2001,Western,M
Chen,A-189,4,4.25,85,1,7,2004,Western,F
Chen,A-23,4,4.25,86,1,11,2001,Western,F
Chen,A-47,4,4.25,87,1,11,2001,Western,F
Chen,A-42,4,4.75,87,1,12,2001,Western,M
Chen,A-9,4,4.75,88,1,10,2001,Western,M
Chen,A-148,4,4.75,88,1,4,2003,Western,F
Chen,A-190,4,4.25,88,1,7,2004,Western,M
Chen,A-32,4,4.75,89,1,11,2001,Western,F
Chen,A-27,4,4.75,89,1,12,2001,Western,M
Chen,A-150,4,4.75,89,1,4,2003,Western,F
Chen,A-152,4,4.75,89,1,4,2003,Western,F
Chen,A-38,4,4.25,90,1,12,2001,Western,F
Chen,A-43,4,4.75,90,1,12,2001,Western,M
Chen,A-208,4,4.75,90,1,3,2005,Western,F
Chen,A-206,4,4.75,90,1,2,2005,Western,M
Chen,A-37,4,4.25,91,1,11,2001,Western,F
Chen,A-201,4,4.75,91,1,1,2005,Western,F
Chen,A-202,4,4.75,91,1,1,2005,Western,F
Chen,A-203,4,4.75,91,1,1,2005,Western,F
Chen,A-205,4,4.75,91,1,2,2005,Western,F
Chen,A-39,4,4.75,93,1,11,2001,Western,M
Chen,A-13,5,5.25,76,1,1,2002,Western,F
Chen,A-3,5,5.75,80,1,1,2002,Western,M
Chen,A-10,5,5.25,86,1,11,2001,Western,M
Chen,A-188,5,5.25,87,1,7,2004,Western,M
Chen,A-198,5,5.25,88,1,10,2004,Western,F
Chen,A-136,5,5.25,89,1,3,2003,Western,M
Chen,A-156,5,5.25,89,1,4,2003,Western,M
Chen,A-215,5,5.25,89,1,3,2005,Western,F
Chen,A-228,5,5.75,89,1,4,2005,Western,F
Chen,A-133,5,5.25,90,1,3,2003,Western,F
Chen,A-186,5,5.25,90,1,7,2004,Western,M
Chen,A-149,5,5.25,91,1,4,2003,Western,F
Chen,A-162,5,5.25,91,1,7,2003,Western,M
Chen,A-216,5,5.25,91,1,3,2005,Western,F
Chen,A-210,5,5.25,91,1,3,2005,Western,M
Chen,A-45,5,5.25,92,1,11,2001,Western,M
Chen,A-145,5,5.25,92,1,3,2003,Western,F
Chen,A-147,5,5.25,92,1,4,2003,Western,F
Chen,A-154,5,5.25,92,1,4,2003,Western,F
Chen,A-138,5,5.25,92,1,3,2003,Western,M
Chen,A-160,5,5.25,93,1,7,2003,Western,M
Chen,A-161,5,5.25,93,1,7,2003,Western,M
Chen,A-144,5,5.75,93,1,3,2003,Western,M
Chen,A-209,5,5.25,93,1,3,2005,Western,F
Chen,A-134,5,5.25,94,1,3,2003,Western,F
Chen,A-166,5,5.25,94,1,8,2003,Western,F
Chen,A-167,5,5.25,94,1,8,2003,Western,F
Chen,A-170,5,5.25,94,1,8,2003,Western,F
Chen,A-177,5,5.25,94,1,4,2004,Western,F
Chen,A-192,5,5.75,95,1,9,2004,Western,F
Chen,A-22,5,5.75,96,1,11,2001,Western,M
Chen,A-164,5,5.25,96,1,8,2003,Western,F
Chen,A-159,5,5.25,96,1,7,2003,Western,M
Chen,A-163,5,5.25,97,1,8,2003,Western,M
Chen,A-223,5,5.25,97,1,4,2005,Western,M
Chen,A-165,5,5.25,98,1,8,2003,Western,M
Chen,A-135,5,5.75,101,1,3,2003,Western,M
Chen,A-31,6,6.25,83,1,10,2001,Western,F
Chen,A-15,6,6.25,88,1,12,2001,Western,F
Chen,A-157,6,6.25,88,1,4,2003,Western,F
Chen,A-33,6,6.75,89,1,12,2001,Western,F
Chen,A-142,6,6.25,90,1,3,2003,Western,F
Chen,A-139,6,6.25,91,1,3,2003,Western,F
Chen,A-140,6,6.25,92,1,3,2003,Western,F
Chen,A-197,6,6.25,92,1,10,2004,Western,F
Chen,A-200,6,6.25,92,1,10,2004,Western,F
Chen,A-187,6,6.25,92,1,7,2004,Western,M
Chen,A-224,6,6.25,92,1,4,2005,Western,F
Chen,A-29,6,6.25,94,1,10,2001,Western,F
Chen,A-173,6,6.25,94,1,4,2004,Western,F
Chen,A-176,6,6.25,94,1,4,2004,Western,M
Chen,A-195,6,6.25,95,1,9,2004,Western,F
Chen,A-229,6,6.25,95,1,4,2005,Western,F
Chen,A-151,6,6.75,96,1,4,2003,Western,M
Chen,A-181,6,6.25,96,1,4,2004,Western,M
Chen,A-219,6,6.25,96,1,4,2005,Western,F
Chen,A-25,6,6.25,97,1,2,2002,Western,F
Chen,A-237,6,6.25,97,1,4,2005,Western,F
Chen,A-143,6,6.25,98,1,3,2003,Western,M
Chen,A-231,6,6.25,99,1,4,2005,Western,F
Chen,A-222,6,6.25,99,1,4,2005,Western,M
Chen,A-182,6,6.25,100,1,5,2004,Western,M
Chen,A-153,6,6.25,101,1,4,2003,Western,M
Chen,A-30,6,6.25,103,1,2,2002,Western,M
Chen,A-168,6,6.25,104,1,8,2003,Western,M
Chen,A-178,7,7.25,92,1,4,2004,Western,F
Chen,A-233,7,7.25,94,1,4,2005,Western,F
Chen,A-49,7,7.75,95,1,11,2001,Western,M
Chen,A-169,7,7.25,95,1,8,2003,Western,F
Chen,A-213,7,7.25,95,1,4,2005,Western,F
Chen,A-227,7,7.25,95,1,4,2005,Western,F
Chen,A-230,7,7.25,95,1,4,2005,Western,F
Chen,A-240,7,7.25,95,1,4,2005,Western,F
Chen,A-191,7,7.25,96,1,9,2004,Western,F
Chen,A-171,7,7.75,96,1,4,2004,Western,F
Chen,A-214,7,7.25,96,1,4,2005,Western,F
Chen,A-236,7,7.25,96,1,4,2005,Western,F
Chen,A-141,7,7.25,97,1,3,2003,Western,F
Chen,A-234,7,7.25,97,1,4,2005,Western,M
Chen,A-172,7,7.25,98,1,4,2004,Western,M
Chen,A-137,7,7.25,99,1,3,2003,Western,F
Chen,A-146,7,7.25,99,1,4,2003,Western,F
Chen,A-217,7,7.25,99,1,3,2005,Western,M
Chen,A-199,7,7.75,102,1,10,2004,Western,M
Chen,A-212,7,7.25,102,1,3,2005,Western,M
Chen,A-204,7,7.25,104,1,2,2005,Western,M
Chen,A-183,7,7.25,107,1,5,2004,Western,M
Chen,A-232,8,8.25,98,1,4,2005,Western,F
Chen,A-221,8,8.25,98,1,3,2005,Western,M
Chen,A-196,8,8.25,99,1,9,2004,Western,F
Chen,A-194,8,8.25,101,1,9,2004,Western,F
Chen,A-132,8,8.75,104,1,3,2003,Western,M
Chen,A-211,8,8.25,106,1,3,2005,Western,M
Chen,A-180,9,9.25,96,1,4,2004,Western,F
Chen,A-238,9,9.25,101,1,4,2005,Western,F
Chen,A-193,9,9.25,104,1,9,2004,Western,M
Chen,A-225,9,9.25,104,1,4,2005,Western,M
Chen,A-235,10,10.25,100,1,4,2005,Western,F
Chen,A-155,10,10.25,109,1,4,2003,Western,M
Chen,A-257,10,10.25,109,1,2,2006,Western,M
Chen,A-259,10,10.25,110,1,2,2006,Western,M
Chen,A-258,10,10.25,113,1,2,2006,Western,M
Chen,A-256,10,10.25,114,1,2,2006,Western,M
Chen,A-260,10,10.25,114,1,2,2006,Western,M
Chen,A-44,11,11.75,111,1,2,2002,Western,M
Chen,A-184,11,11.75,111,1,5,2004,Western,M
Chen,A-255,11,11.25,111,1,2,2006,Western,M
Chen,A-50,13,13.25,110,1,2,2002,Western,M
Chen,A-158,13,13.25,118,1,12,2002,Western,M
Chen,A-246,1,1.75,58,1,2,2006,Western,M
Chen,A-251,1,1.75,62,1,2,2006,Western,M
Chen,A-249,2,2.75,64,1,2,2006,Western,F
Chen,A-244,2,2.75,69,1,2,2006,Western,F
Chen,A-245,2,2.75,71,1,2,2006,Western,M
Chen,A-250,3,3.25,66,1,2,2006,Western,M
Chen,A-247,3,3.75,66,1,2,2006,Western,M
Chen,A-242,3,3.25,69,1,2,2006,Western,F
Chen,A-254,3,3.25,71,1,5,2006,Western,M
Chen,A-253,3,3.25,74,1,5,2006,Western,F
Chen,A-82,3,3.25,76,1,5,2002,Western,M
Chen,A-83,3,3.25,79,1,5,2002,Western,M
Chen,A-252,3,3.25,79,1,5,2006,Western,M
Chen,A-104,3,3.25,81,1,6,2002,Western,M
Chen,A-81,3,3.25,82,1,5,2002,Western,M
Chen,A-89,3,3.25,83,1,6,2002,Western,M
Chen,A-79,3,3.75,84,1,5,2002,Western,F
Chen,A-85,4,4.25,81,1,6,2002,Western,M
Chen,A-86,4,4.25,82,1,6,2002,Western,M
Chen,A-84,4,4.25,84,1,5,2002,Western,F
Chen,A-106,4,4.25,85,1,6,2002,Western,F
Chen,A-76,4,4.25,89,1,5,2002,Western,F
Chen,A-100,4,4.25,89,1,6,2002,Western,F
Chen,A-103,4,4.25,90,1,6,2002,Western,M
Chen,A-248,5,5.25,82,1,2,2006,Western,M
Chen,A-80,5,5.25,85,1,5,2002,Western,M
Chen,A-78,5,5.25,87,1,5,2002,Western,M
Chen,A-91,5,5.25,89,1,6,2002,Western,F
Chen,A-90,5,5.25,92,1,6,2002,Western,F
Chen,A-105,5,5.25,92,1,6,2002,Western,F
Chen,A-88,5,5.75,93,1,6,2002,Western,F
Chen,A-102,5,5.25,93,1,6,2002,Western,M
Chen,A-87,5,5.75,94,1,6,2002,Western,M
Chen,A-93,5,5.25,98,1,6,2002,Western,M
Chen,A-243,6,6.25,88,1,2,2006,Western,F
Chen,A-77,7,7.25,101,1,5,2002,Western,M
Chen,A-95,7,7.25,104,1,6,2002,Western,M
Chen,A-94,7,7.25,105,1,6,2002,Western,M
Chen,A-97,7,7.25,105,1,6,2002,Western,M
Chen,A-98,8,8.25,104,1,6,2002,Western,M
Chen,A-101,9,9.75,100,1,6,2002,Western,F
Chen,A-96,9,9.25,104,1,6,2002,Western,M
Chen,A-92,9,9.25,106,1,6,2002,Western,M
Chen,A-99,10,10.25,99,1,6,2002,Western,M
Chen,J-35,1,1.25,45,1,7,2006,Western,M
Chen,J-48,1,1.25,45,1,7,2006,Western,M
Chen,J-31,1,1.25,46,1,7,2006,Western,F
Chen,J-33,1,1.25,46,1,7,2006,Western,M
Chen,J-40,1,1.25,46,1,7,2006,Western,M
Chen,J-46,1,1.25,47,1,7,2006,Western,F
Chen,J-49,1,1.25,47,1,7,2006,Western,F
Chen,J-32,1,1.25,47,1,7,2006,Western,M
Chen,J-41,1,1.25,47,1,7,2006,Western,M
Chen,J-36,1,1.25,48,1,7,2006,Western,F
Chen,J-47,1,1.25,48,1,7,2006,Western,M
Chen,J-45,1,1.25,49,1,7,2006,Western,F
Chen,J-39,1,1.25,49,1,7,2006,Western,M
Chen,J-34,1,1.25,50,1,7,2006,Western,F
Chen,J-37,1,1.25,50,1,7,2006,Western,F
Chen,J-44,1,1.25,50,1,7,2006,Western,M
Chen,J-9,1,1.75,53,31,12,2007,Western,M
Chen,J-8,1,1.75,54,31,12,2007,Western,F
Chen,J-20,1,1.75,54,31,12,2007,Western,F
Chen,J-27,1,1.75,54,31,12,2007,Western,F
Chen,J-29,1,1.75,54,31,12,2007,Western,M
Chen,J-15,1,1.75,55,31,12,2007,Western,F
Chen,J-16,1,1.75,55,31,12,2007,Western,F
Chen,J-7,1,1.75,57,31,12,2007,Western,M
Chen,J-25,1,1.75,60,31,12,2007,Western,F
Chen,J-30,1,1.75,61,31,12,2007,Western,M
Chen,J-18,1,1.75,63,31,12,2007,Western,F
Chen,J-1,1,1.75,63,31,12,2007,Western,M
Chen,J-14,1,1.75,63,31,12,2007,Western,M
Chen,J-17,1,1.75,63,31,12,2007,Western,M
Chen,J-13,1,1.75,64,31,12,2007,Western,M
Chen,J-24,1,1.75,64,31,12,2007,Western,M
Chen,J-28,1,1.75,64,31,12,2007,Western,M
Chen,J-10,2,2.75,61,31,12,2007,Western,F
Chen,J-12,2,2.75,61,31,12,2007,Western,M
Chen,J-19,2,2.25,62,31,12,2007,Western,F
Chen,J-23,2,2.25,64,31,12,2007,Western,M
Chen,J-11,2,2.25,65,31,12,2007,Western,F
Chen,J-6,2,2.25,65,31,12,2007,Western,M
Chen,J-4,2,2.75,67,31,12,2007,Western,F
Chen,J-5,2,2.25,68,31,12,2007,Western,M
Chen,J-26,3,3.75,72,31,12,2007,Western,M
Chen,J-21,3,3.75,73,31,12,2007,Western,F
Chen,J-22,3,3.75,74,31,12,2007,Western,M
Wells,W-262,1,1.44,52.4,10,10,2009,Eastern,U
Wells,W-153,1,1.48,53,24,10,2009,Eastern,U
Wells,W-263,1,1.44,53.4,10,10,2009,Eastern,U
Wells,W-112,1,1.29,54.5,15,8,2008,Eastern,U
Wells,W-185,1,1.48,55,24,10,2009,Eastern,U
Wells,W-115,1,1.37,55.5,12,9,2008,Eastern,U
Wells,W-113,1,1.29,56,15,8,2008,Eastern,U
Wells,W-114,1,1.29,57,15,8,2008,Eastern,U
Wells,W-110,1,1.29,57,15,8,2008,Eastern,U
Wells,W-266,1,1.44,57.4,10,10,2009,Eastern,U
Wells,W-275,1,1.39,57.5,19,9,2010,Eastern,U
Wells,W-116,1,1.37,58.5,12,9,2008,Eastern,U
Wells,W-121,1,1.37,58.5,12,9,2008,Eastern,U
Wells,W-280,1,1.19,59,9,7,2010,Eastern,U
Wells,W-109,1,1.31,59.5,22,8,2008,Eastern,U
Wells,W-123,1,1.33,61,29,8,2008,Eastern,U
Wells,W-119,1,1.24,61.5,29,7,2008,Eastern,U
Wells,W-258,2,2.44,60,10,10,2009,Eastern,U
Wells,W-284,2,2.25,60.5,31,7,2010,Eastern,U
Wells,W-285,2,2.28,60.8,10,8,2010,Eastern,U
Wells,W-283,2,2.36,60.8,9,9,2010,Eastern,U
Wells,W-261,2,2.44,60.9,10,10,2009,Eastern,U
Wells,W-410,2,2.26,61,5,8,2010,Eastern,U
Wells,W-278,2,2.28,61,10,8,2010,Eastern,U
Wells,W-288,2,2.38,61.1,17,9,2010,Eastern,U
Wells,W-268,2,2.44,61.3,10,10,2009,Eastern,U
Wells,W-302,2,2.25,61.8,30,7,2010,Eastern,U
Wells,W-265,2,2.44,61.9,10,10,2009,Eastern,U
Wells,W-299,2,2.27,62,9,8,2010,Eastern,U
Wells,W-294,2,2.33,62,29,8,2010,Eastern,U
Wells,W-289,2,2.35,62,4,9,2010,Eastern,U
Wells,W-271,2,2.36,62,8,9,2010,Eastern,U
Wells,W-301,2,2.19,62.2,9,7,2010,Eastern,U
Wells,W-281,2,2.27,62.2,9,8,2010,Eastern,U
Wells,W-269,2,2.35,62.5,7,9,2010,Eastern,U
Wells,W-295,2,2.35,62.5,6,9,2010,Eastern,U
Wells,W-407,2,2.39,62.5,19,9,2010,Eastern,U
Wells,W-267,2,2.44,62.5,10,10,2009,Eastern,U
Wells,W-270,2,2.26,62.7,5,8,2010,Eastern,U
Wells,W-277,2,2.27,63,7,8,2010,Eastern,U
Wells,W-305,2,2.3,63,19,8,2010,Eastern,U
Wells,W-264,2,2.44,63.4,10,10,2009,Eastern,U
Wells,W-296,2,2.29,63.5,16,8,2010,Eastern,U
Wells,W-259,2,2.44,63.5,10,10,2009,Eastern,U
Wells,W-272,2,2.27,64,8,8,2010,Eastern,U
Wells,W-297,2,2.35,64,4,9,2010,Eastern,U
Wells,W-260,2,2.44,64.9,10,10,2009,Eastern,U
Wells,W-405,2,2.3,65,19,8,2010,Eastern,U
Wells,W-287,2,2.36,65.1,10,9,2010,Eastern,U
Wells,W-286,2,2.19,66.5,10,7,2010,Eastern,U
Wells,W-307,2,2.24,67,29,7,2010,Eastern,U
Wells,W-152,2,2.48,67,24,10,2009,Eastern,U
Wells,W-292,2,2.32,68,27,8,2010,Eastern,U
Wells,W-157,2,2.48,68,24,10,2009,Eastern,U
Wells,W-290,2,2.19,68.2,11,7,2010,Eastern,U
Wells,W-273,3,3.33,62.7,30,8,2010,Eastern,U
Wells,W-293,3,3.29,64.3,14,8,2010,Eastern,U
Wells,W-408,3,3.27,64.5,7,8,2010,Eastern,U
Wells,W-291,3,3.27,65,8,8,2010,Eastern,U
Wells,W-406,3,3.19,66.2,10,7,2010,Eastern,U
Wells,W-298,3,3.27,66.2,9,8,2010,Eastern,U
Wells,W-304,3,3.19,68.3,11,7,2010,Eastern,U
Wells,W-173,3,3.47,68.7,20,10,2009,Eastern,U
Wells,W-187,3,3.47,69.3,20,10,2009,Eastern,U
Wells,W-276,3,3.28,70,10,8,2010,Eastern,U
Wells,W-174,3,3.47,70,20,10,2009,Eastern,U
Wells,W-220,3,3.34,70.1,2,9,2009,Eastern,U
Wells,W-175,3,3.47,70.7,20,10,2009,Eastern,U
Wells,W-207,3,3.47,71.2,20,10,2009,Eastern,U
Wells,W-274,3,3.2,71.5,12,7,2010,Eastern,U
Wells,W-118,3,3.32,71.5,24,8,2008,Eastern,U
Wells,W-120,3,3.32,71.5,24,8,2008,Eastern,U
Wells,W-218,3,3.34,71.5,2,9,2009,Eastern,U
Wells,W-137,3,3.47,71.5,20,10,2009,Eastern,U
Wells,W-135,3,3.47,71.8,20,10,2009,Eastern,U
Wells,W-201,3,3.47,71.8,20,10,2009,Eastern,U
Wells,W-125,3,3.47,71.9,20,10,2009,Eastern,U
Wells,W-139,3,3.47,71.9,20,10,2009,Eastern,U
Wells,W-303,3,3.25,72,30,7,2010,Eastern,U
Wells,W-124,3,3.47,72,20,10,2009,Eastern,U
Wells,W-176,3,3.47,72.1,20,10,2009,Eastern,U
Wells,W-282,3,3.19,72.2,10,7,2010,Eastern,U
Wells,W-279,3,3.33,72.2,28,8,2010,Eastern,U
Wells,W-172,3,3.47,72.3,20,10,2009,Eastern,U
Wells,W-204,3,3.48,72.3,24,10,2009,Eastern,U
Wells,W-206,3,3.47,72.4,20,10,2009,Eastern,U
Wells,W-145,3,3.48,72.4,24,10,2009,Eastern,U
Wells,W-134,3,3.34,73.1,2,9,2009,Eastern,U
Wells,W-211,3,3.34,73.2,2,9,2009,Eastern,U
Wells,W-308,3,3.3,74,17,8,2010,Eastern,U
Wells,W-144,3,3.34,74,2,9,2009,Eastern,U
Wells,W-202,3,3.34,74,2,9,2009,Eastern,U
Wells,W-161,3,3.47,74,20,10,2009,Eastern,U
Wells,W-143,3,3.48,74,24,10,2009,Eastern,U
Wells,W-193,3,3.47,74.2,18,10,2009,Eastern,U
Wells,W-166,3,3.34,74.3,2,9,2009,Eastern,U
Wells,W-210,3,3.34,74.4,2,9,2009,Eastern,U
Wells,W-159,3,3.47,74.4,20,10,2009,Eastern,U
Wells,W-196,3,3.47,74.5,20,10,2009,Eastern,U
Wells,W-136,3,3.48,74.5,24,10,2009,Eastern,U
Wells,W-154,3,3.48,74.5,24,10,2009,Eastern,U
Wells,W-127,3,3.47,74.6,20,10,2009,Eastern,U
Wells,W-126,3,3.47,74.7,20,10,2009,Eastern,U
Wells,W-131,3,3.47,74.8,18,10,2009,Eastern,U
Wells,W-147,3,3.34,75,2,9,2009,Eastern,U
Wells,W-216,3,3.48,75,24,10,2009,Eastern,U
Wells,W-130,3,3.34,75.5,2,9,2009,Eastern,U
Wells,W-180,3,3.47,75.5,20,10,2009,Eastern,U
Wells,W-184,3,3.48,75.5,24,10,2009,Eastern,U
Wells,W-217,3,3.34,75.6,2,9,2009,Eastern,U
Wells,W-165,3,3.47,75.7,20,10,2009,Eastern,U
Wells,W-191,3,3.47,75.9,20,10,2009,Eastern,U
Wells,W-306,3,3.25,76,2,8,2010,Eastern,U
Wells,W-160,3,3.47,76,20,10,2009,Eastern,U
Wells,W-140,3,3.48,76,24,10,2009,Eastern,U
Wells,W-169,3,3.34,76.1,2,9,2009,Eastern,U
Wells,W-141,3,3.47,76.4,20,10,2009,Eastern,U
Wells,W-177,3,3.47,76.5,20,10,2009,Eastern,U
Wells,W-151,3,3.48,76.5,24,10,2009,Eastern,U
Wells,W-128,3,3.47,76.6,20,10,2009,Eastern,U
Wells,W-194,3,3.47,76.6,18,10,2009,Eastern,U
Wells,W-214,3,3.47,76.6,20,10,2009,Eastern,U
Wells,W-394,3,3.18,77,7,7,2010,Eastern,U
Wells,W-55,3,3.36,77,10,9,2007,Eastern,U
Wells,W-195,3,3.47,77,20,10,2009,Eastern,U
Wells,W-111,3,3.29,77.3,15,8,2008,Eastern,U
Wells,W-117,3,3.37,78.5,12,9,2008,Eastern,U
Wells,W-397,3,3.25,78.8,2,8,2010,Eastern,U
Wells,W-8,3,3.36,78.9,8,9,2007,Eastern,U
Wells,W-14,3,3.36,79.1,10,9,2007,Eastern,U
Wells,W-391,3,3.18,79.5,7,7,2010,Eastern,U
Wells,W-399,3,3.25,79.5,2,8,2010,Eastern,U
Wells,W-197,4,4.47,76.6,20,10,2009,Eastern,U
Wells,W-182,4,4.47,76.8,20,10,2009,Eastern,U
Wells,W-388,4,4.18,77,7,7,2010,Eastern,U
Wells,W-189,4,4.34,77,2,9,2009,Eastern,U
Wells,W-213,4,4.47,77,20,10,2009,Eastern,U
Wells,W-300,4,4.33,77.5,31,8,2010,Eastern,U
Wells,W-133,4,4.47,77.5,20,10,2009,Eastern,U
Wells,W-190,4,4.47,77.6,20,10,2009,Eastern,U
Wells,W-387,4,4.18,78.2,7,7,2010,Eastern,U
Wells,W-183,4,4.48,78.3,24,10,2009,Eastern,U
Wells,W-149,4,4.48,78.4,24,10,2009,Eastern,U
Wells,W-219,4,4.34,78.5,2,9,2009,Eastern,U
Wells,W-181,4,4.47,78.5,20,10,2009,Eastern,U
Wells,W-215,4,4.34,78.8,2,9,2009,Eastern,U
Wells,W-164,4,4.47,78.9,20,10,2009,Eastern,U
Wells,W-393,4,4.18,79.1,7,7,2010,Eastern,U
Wells,W-199,4,4.48,79.2,24,10,2009,Eastern,U
Wells,W-401,4,4.24,79.3,26,7,2010,Eastern,U
Wells,W-192,4,4.47,79.4,20,10,2009,Eastern,U
Wells,W-179,4,4.34,80,2,9,2009,Eastern,U
Wells,W-178,4,4.45,80,13,10,2009,Eastern,U
Wells,W-186,4,4.47,80.1,20,10,2009,Eastern,U
Wells,W-188,4,4.34,80.2,2,9,2009,Eastern,U
Wells,W-19,4,4.39,80.2,20,9,2007,Eastern,U
Wells,W-400,4,4.24,80.3,26,7,2010,Eastern,U
Wells,W-205,4,4.48,80.5,24,10,2009,Eastern,U
Wells,W-392,4,4.18,81,7,7,2010,Eastern,U
Wells,W-132,4,4.47,81,20,10,2009,Eastern,U
Wells,W-11,4,4.36,81.1,8,9,2007,Eastern,U
Wells,W-212,4,4.47,81.1,20,10,2009,Eastern,U
Wells,W-402,4,4.24,81.2,26,7,2010,Eastern,U
Wells,W-32,4,4.36,81.2,10,9,2007,Eastern,U
Wells,W-163,4,4.48,81.3,24,10,2009,Eastern,U
Wells,W-122,4,4.29,81.5,15,8,2008,Eastern,U
Wells,W-89,4,4.39,81.6,22,9,2007,Eastern,U
Wells,W-158,4,4.34,81.7,2,9,2009,Eastern,U
Wells,W-156,4,4.48,81.8,24,10,2009,Eastern,U
Wells,W-203,4,4.48,81.8,24,10,2009,Eastern,U
Wells,W-200,4,4.48,81.9,24,10,2009,Eastern,U
Wells,W-389,4,4.18,82,7,7,2010,Eastern,U
Wells,W-26,4,4.41,82,29,9,2007,Eastern,U
Wells,W-404,4,4.24,82.1,28,7,2010,Eastern,U
Wells,W-12,4,4.39,82.1,22,9,2007,Eastern,U
Wells,W-62,4,4.36,82.3,10,9,2007,Eastern,U
Wells,W-38,4,4.39,82.4,20,9,2007,Eastern,U
Wells,W-20,4,4.39,82.5,20,9,2007,Eastern,U
Wells,W-23,4,4.39,83.1,20,9,2007,Eastern,U
Wells,W-138,4,4.47,83.1,20,10,2009,Eastern,U
Wells,W-59,4,4.36,83.2,8,9,2007,Eastern,U
Wells,W-403,4,4.24,83.3,26,7,2010,Eastern,U
Wells,W-150,4,4.34,83.5,2,9,2009,Eastern,U
Wells,W-35,4,4.36,83.5,10,9,2007,Eastern,U
Wells,W-94,4,4.41,83.6,29,9,2007,Eastern,U
Wells,W-66,4,4.39,83.7,20,9,2007,Eastern,U
Wells,W-45,4,4.36,84,8,9,2007,Eastern,U
Wells,W-7,4,4.41,84.1,29,9,2007,Eastern,U
Wells,W-142,4,4.47,84.2,20,10,2009,Eastern,U
Wells,W-208,4,4.47,84.3,20,10,2009,Eastern,U
Wells,W-390,4,4.18,84.4,7,7,2010,Eastern,U
Wells,W-102,4,4.39,84.4,22,9,2007,Eastern,U
Wells,W-129,4,4.47,84.4,20,10,2009,Eastern,U
Wells,W-162,4,4.47,84.4,20,10,2009,Eastern,U
Wells,W-54,4,4.36,84.5,10,9,2007,Eastern,U
Wells,W-63,4,4.39,84.5,22,9,2007,Eastern,U
Wells,W-25,4,4.41,84.5,29,9,2007,Eastern,U
Wells,W-168,4,4.34,84.6,2,9,2009,Eastern,U
Wells,W-15,4,4.36,84.7,8,9,2007,Eastern,U
Wells,W-3,4,4.39,84.7,20,9,2007,Eastern,U
Wells,W-49,4,4.39,84.9,20,9,2007,Eastern,U
Wells,W-65,4,4.39,85,22,9,2007,Eastern,U
Wells,W-48,4,4.41,85,29,9,2007,Eastern,U
Wells,W-77,4,4.41,85,29,9,2007,Eastern,U
Wells,W-44,4,4.36,85.1,8,9,2007,Eastern,U
Wells,W-209,4,4.47,85.2,20,10,2009,Eastern,U
Wells,W-58,4,4.36,85.3,10,9,2007,Eastern,U
Wells,W-108,4,4.36,85.3,8,9,2007,Eastern,U
Wells,W-88,4,4.41,85.4,29,9,2007,Eastern,U
Wells,W-79,4,4.36,85.5,8,9,2007,Eastern,U
Wells,W-92,4,4.36,85.5,8,9,2007,Eastern,U
Wells,W-84,4,4.36,85.6,10,9,2007,Eastern,U
Wells,W-4,4,4.39,85.6,20,9,2007,Eastern,U
Wells,W-69,4,4.39,85.6,22,9,2007,Eastern,U
Wells,W-97,4,4.41,85.6,29,9,2007,Eastern,U
Wells,W-16,4,4.41,85.7,29,9,2007,Eastern,U
Wells,W-68,4,4.41,85.7,29,9,2007,Eastern,U
Wells,W-167,4,4.48,85.8,24,10,2009,Eastern,U
Wells,W-74,4,4.39,85.9,22,9,2007,Eastern,U
Wells,W-198,4,4.47,85.9,20,10,2009,Eastern,U
Wells,W-95,4,4.36,86,10,9,2007,Eastern,U
Wells,W-99,4,4.36,86,10,9,2007,Eastern,U
Wells,W-57,4,4.39,86,22,9,2007,Eastern,U
Wells,W-51,4,4.36,86.1,10,9,2007,Eastern,U
Wells,W-70,4,4.39,86.3,22,9,2007,Eastern,U
Wells,W-93,4,4.39,86.3,22,9,2007,Eastern,U
Wells,W-28,4,4.41,86.3,29,9,2007,Eastern,U
Wells,W-29,4,4.36,86.4,8,9,2007,Eastern,U
Wells,W-42,4,4.39,86.4,22,9,2007,Eastern,U
Wells,W-47,4,4.36,86.5,8,9,2007,Eastern,U
Wells,W-98,4,4.36,86.5,8,9,2007,Eastern,U
Wells,W-56,4,4.39,86.5,22,9,2007,Eastern,U
Wells,W-87,4,4.41,86.6,29,9,2007,Eastern,U
Wells,W-33,4,4.36,86.7,10,9,2007,Eastern,U
Wells,W-78,4,4.39,86.9,22,9,2007,Eastern,U
Wells,W-73,4,4.39,87,22,9,2007,Eastern,U
Wells,W-101,4,4.39,87,22,9,2007,Eastern,U
Wells,W-39,4,4.39,87,22,9,2007,Eastern,U
Wells,W-107,4,4.41,87,29,9,2007,Eastern,U
Wells,W-100,4,4.36,87.3,8,9,2007,Eastern,U
Wells,W-1,4,4.36,87.4,10,9,2007,Eastern,U
Wells,W-85,4,4.36,87.4,10,9,2007,Eastern,U
Wells,W-13,4,4.39,87.5,22,9,2007,Eastern,U
Wells,W-22,4,4.41,87.5,29,9,2007,Eastern,U
Wells,W-71,4,4.41,87.5,29,9,2007,Eastern,U
Wells,W-155,4,4.48,87.7,24,10,2009,Eastern,U
Wells,W-67,4,4.39,87.9,22,9,2007,Eastern,U
Wells,W-96,4,4.39,88,22,9,2007,Eastern,U
Wells,W-36,4,4.41,88,29,9,2007,Eastern,U
Wells,W-52,4,4.36,88.2,10,9,2007,Eastern,U
Wells,W-34,4,4.39,88.4,20,9,2007,Eastern,U
Wells,W-50,4,4.36,88.5,8,9,2007,Eastern,U
Wells,W-61,4,4.36,88.5,10,9,2007,Eastern,U
Wells,W-75,4,4.39,88.5,22,9,2007,Eastern,U
Wells,W-81,4,4.39,88.5,22,9,2007,Eastern,U
Wells,W-103,4,4.36,88.6,8,9,2007,Eastern,U
Wells,W-9,4,4.39,88.6,20,9,2007,Eastern,U
Wells,W-104,4,4.39,89,22,9,2007,Eastern,U
Wells,W-82,4,4.39,89.3,22,9,2007,Eastern,U
Wells,W-17,4,4.39,89.4,22,9,2007,Eastern,U
Wells,W-53,4,4.36,89.5,8,9,2007,Eastern,U
Wells,W-43,4,4.39,89.7,22,9,2007,Eastern,U
Wells,W-80,4,4.39,89.7,22,9,2007,Eastern,U
Wells,W-37,4,4.41,89.8,29,9,2007,Eastern,U
Wells,W-18,4,4.41,89.9,29,9,2007,Eastern,U
Wells,W-409,4,4.29,90,14,8,2010,Eastern,U
Wells,W-46,4,4.36,90.7,8,9,2007,Eastern,U
Wells,W-60,4,4.36,90.7,10,9,2007,Eastern,U
Wells,W-396,5,5.25,82.6,2,8,2010,Eastern,U
Wells,W-395,5,5.18,85.2,7,7,2010,Eastern,U
Wells,W-398,5,5.24,85.2,26,7,2010,Eastern,U
Wells,W-2,5,5.39,87.2,20,9,2007,Eastern,U
Wells,W-31,5,5.41,87.7,29,9,2007,Eastern,U
Wells,W-170,5,5.34,88,2,9,2009,Eastern,U
Wells,W-148,5,5.47,88,20,10,2009,Eastern,U
Wells,W-146,5,5.34,88.1,2,9,2009,Eastern,U
Wells,W-105,5,5.39,88.2,22,9,2007,Eastern,U
Wells,W-10,5,5.36,88.3,10,9,2007,Eastern,U
Wells,W-5,5,5.39,88.5,20,9,2007,Eastern,U
Wells,W-91,5,5.36,88.7,8,9,2007,Eastern,U
Wells,W-90,5,5.36,88.9,10,9,2007,Eastern,U
Wells,W-64,5,5.39,89.3,22,9,2007,Eastern,U
Wells,W-72,5,5.39,89.3,22,9,2007,Eastern,U
Wells,W-106,5,5.39,90,22,9,2007,Eastern,U
Wells,W-171,5,5.34,90.1,2,9,2009,Eastern,U
Wells,W-24,5,5.41,90.1,29,9,2007,Eastern,U
Wells,W-76,5,5.36,90.2,10,9,2007,Eastern,U
Wells,W-83,5,5.36,90.4,10,9,2007,Eastern,U
Wells,W-41,5,5.39,90.5,20,9,2007,Eastern,U
Wells,W-30,5,5.36,90.7,10,9,2007,Eastern,U
Wells,W-6,5,5.41,91.3,29,9,2007,Eastern,U
Wells,W-21,5,5.41,91.6,29,9,2007,Eastern,U
Wells,W-86,6,6.41,95,29,9,2007,Eastern,U
Wells,W-40,6,6.39,95.5,22,9,2007,Eastern,U
Wells,W-27,6,6.36,96,10,9,2007,Eastern,U
Wells,W-452,7,7.76,97,17,2,1998,Central,F
Wells,W-453,8,8.76,103,17,2,1998,Central,F
Wells,W-455,9,9.76,101,17,2,1998,Central,F
Wells,W-345,9,9.72,102,22,2,1998,Central,F
Wells,W-449,9,9.77,102,17,2,1998,Central,F
Wells,W-443,9,9.79,104,16,2,1998,Central,F
Wells,W-341,9,9.72,105,21,2,1998,Central,F
Wells,W-459,9,9.75,105,17,2,1998,Central,F
Wells,W-334,9,9.74,105,21,2,1998,Central,M
Wells,W-448,9,9.78,107,17,2,1998,Central,M
Wells,W-439,9,9.8,112,16,2,1998,Central,M
Wells,W-338,10,10.73,105,21,2,1998,Central,F
Wells,W-457,10,10.75,105,17,2,1998,Central,F
Wells,W-454,10,10.76,105,17,2,1998,Central,F
Wells,W-347,10,10.71,105,22,2,1998,Central,M
Wells,W-458,10,10.75,106,17,2,1998,Central,F
Wells,W-340,10,10.73,106,21,2,1998,Central,M
Wells,W-456,10,10.75,106,17,2,1998,Central,M
Wells,W-348,10,10.71,107,22,2,1998,Central,F
Wells,W-444,10,10.78,110,16,2,1998,Central,M
Wells,W-440,10,10.79,110,16,2,1998,Central,M
Wells,W-447,10,10.78,111,17,2,1998,Central,M
Wells,W-446,10,10.78,112,17,2,1998,Central,M
Wells,W-335,11,11.74,106,21,2,1998,Central,M
Wells,W-332,11,11.75,108,21,2,1998,Central,M
Wells,W-442,11,11.79,109,16,2,1998,Central,M
Wells,W-343,11,11.72,110,21,2,1998,Central,M
Wells,W-344,11,11.72,110,21,2,1998,Central,M
Wells,W-350,11,11.7,111,22,2,1998,Central,M
Wells,W-441,11,11.79,111,16,2,1998,Central,M
Wells,W-450,11,11.77,112,17,2,1998,Central,M
Wells,W-445,11,11.78,112,16,2,1998,Central,M
Wells,W-342,11,11.72,115,21,2,1998,Central,M
Wells,W-349,12,12.7,112,22,2,1998,Central,M
Wells,W-346,12,12.71,112,22,2,1998,Central,M
Wells,W-333,12,12.75,112,21,2,1998,Central,M
Wells,W-337,12,12.73,113,21,2,1998,Central,M
Wells,W-336,12,12.74,113,21,2,1998,Central,M
Wells,W-339,12,12.73,114,21,2,1998,Central,M
Wells,W-451,12,12.77,114,17,2,1998,Central,M
Wells,W-460,12,12.74,117,17,2,1998,Central,M
Wells,W-466,4,4.8,86,14,3,1998,Western,M
Wells,W-471,4,4.62,87.6,15,1,2012,Western,M
Wells,W-463,5,5.8,84,13,3,1998,Western,F
Wells,W-464,5,5.8,87,13,3,1998,Western,F
Wells,W-467,5,5.79,88,14,3,1998,Western,F
Wells,W-462,5,5.81,88,13,3,1998,Western,M
Wells,W-470,5,5.62,88,15,1,2012,Western,F
Wells,W-465,5,5.8,89,14,3,1998,Western,F
Wells,W-473,5,5.62,89.1,15,1,2012,Western,F
Wells,W-472,5,5.62,89.4,15,1,2012,Western,F
Wells,W-469,5,5.63,90.3,15,1,2012,Western,M
Wells,W-477,5,5.61,90.9,15,1,2012,Western,F
Wells,W-474,5,5.61,91.6,15,1,2012,Western,F
Wells,W-461,6,6.81,90,13,3,1998,Western,F
Wells,W-475,6,6.61,93,15,1,2012,Western,F
Wells,W-476,6,6.61,93.3,15,1,2012,Western,F
Wells,W-468,6,6.79,95,14,3,1998,Western,M
Wells,W-479,6,6.6,95,15,1,2012,Western,M
Wells,W-480,6,6.6,96.1,15,1,2012,Western,M
Wells,W-478,6,6.6,96.2,15,1,2012,Western,M
Wells,W-481,6,6.59,96.9,15,1,2012,Western,M
Wells,W-482,6,6.59,97.1,15,1,2012,Western,M
Wells,W-316,7,7.82,93.5,1,3,1997,Western,F
Wells,W-317,7,7.81,93.7,1,3,1997,Western,F
Wells,W-313,7,7.82,95.3,1,3,1997,Western,M
Wells,W-329,7,7.78,97.6,1,3,1997,Western,F
Wells,W-314,7,8.82,97.9,1,3,1997,Western,M
Wells,W-326,7,7.79,98.1,1,3,1997,Western,M
Wells,W-327,7,7.79,98.3,1,3,1997,Western,M
Wells,W-320,7,7.81,99.2,1,3,1997,Western,M
Wells,W-483,7,7.59,99.4,15,1,2012,Western,M
Wells,W-311,7,7.83,100.5,1,3,1997,Western,M
Wells,W-323,8,8.8,98.6,1,3,1997,Western,M
Wells,W-486,8,8.58,101.2,15,1,2012,Western,F
Wells,W-484,8,8.59,101.7,15,1,2012,Western,M
Wells,W-309,8,8.84,102,1,3,1997,Western,M
Wells,W-312,8,8.83,103.6,1,3,1997,Western,M
Wells,W-319,8,8.81,105.4,1,3,1997,Western,M
Wells,W-331,9,9.78,100,1,3,1997,Western,M
Wells,W-328,9,9.78,101,1,3,1997,Western,M
Wells,W-315,9,9.82,101.2,1,3,1997,Western,M
Wells,W-318,9,9.81,102.5,1,3,1997,Western,F
Wells,W-330,9,9.78,102.8,1,3,1997,Western,F
Wells,W-485,9,9.58,103.9,15,1,2012,Western,M
Wells,W-322,10,10.8,100.1,1,3,1997,Western,M
Wells,W-310,10,10.83,108.3,1,3,1997,Western,M
Wells,W-321,11,11.8,106.6,1,3,1997,Western,F
Wells,W-325,11,11.79,107,1,3,1997,Western,M
Wells,W-324,11,11.79,110.9,1,3,1997,Western,M
Wells,W-418,5,5.29,89,15,8,2011,Central,U
Wells,W-420,5,5.29,90,15,8,2011,Central,U
Wells,W-413,5,5.29,91,15,8,2011,Central,U
Wells,W-429,5,5.29,91,15,8,2011,Central,U
Wells,W-414,5,5.29,94,15,8,2011,Central,U
Wells,W-415,6,6.29,92,15,8,2011,Central,U
Wells,W-422,6,6.29,93,15,8,2011,Central,U
Wells,W-430,6,6.29,93,15,8,2011,Central,U
Wells,W-419,6,6.29,94,15,8,2011,Central,U
Wells,W-424,6,6.29,94,15,8,2011,Central,U
Wells,W-425,6,6.29,94,15,8,2011,Central,U
Wells,W-428,6,6.29,94,15,8,2011,Central,U
Wells,W-432,6,6.29,94,15,8,2011,Central,U
Wells,W-437,6,6.29,94,15,8,2011,Central,U
Wells,W-438,6,6.29,94,15,8,2011,Central,U
Wells,W-426,6,6.29,95,15,8,2011,Central,U
Wells,W-427,6,6.29,96,15,8,2011,Central,U
Wells,W-417,6,6.29,97,15,8,2011,Central,U
Wells,W-436,7,7.29,94,15,8,2011,Central,U
Wells,W-434,7,7.29,95,15,8,2011,Central,U
Wells,W-435,7,7.29,95,15,8,2011,Central,U
Wells,W-411,7,7.29,96,15,8,2011,Central,U
Wells,W-416,7,7.29,96,15,8,2011,Central,U
Wells,W-431,7,7.29,97,15,8,2011,Central,U
Wells,W-421,7,7.29,99,15,8,2011,Central,U
Wells,W-423,7,7.29,99,15,8,2011,Central,U
Wells,W-433,8,8.29,98,15,8,2011,Central,U
Wells,W-412,8,8.29,102,15,8,2011,Central,U
Wells,W-254,9,9.16,102,27,6,2010,Central,U
Wells,W-251,9,9.16,105,27,6,2010,Central,U
Wells,W-357,10,10.15,102,26,6,1990,Central,F
Wells,W-353,10,10.11,102.1,11,6,1990,Central,M
Wells,W-382,10,10.3,104.5,20,8,1993,Central,M
Wells,W-371,10,10.27,106,6,8,1990,Central,M
Wells,W-354,10,10.13,106.4,19,6,1990,Central,F
Wells,W-239,11,11.15,104,24,6,2010,Central,U
Wells,W-230,11,11.16,106,30,6,2010,Central,U
Wells,W-352,11,11.1,106.9,8,6,1990,Central,M
Wells,W-379,11,11.11,108,10,6,1991,Central,M
Wells,W-223,11,11.16,109,30,6,2010,Central,U
Wells,W-378,11,11.08,110.1,30,5,1991,Central,M
Wells,W-374,11,11.73,110.7,22,1,1990,Central,M
Wells,W-375,11,11.04,110.7,17,5,1991,Central,M
Wells,W-361,11,11.19,111.8,11,7,1990,Central,M
Wells,W-222,11,11.16,113,30,6,2010,Central,U
Wells,W-373,11,11.29,115.4,15,8,1990,Central,M
Wells,W-244,12,12.15,107,25,6,2010,Central,U
Wells,W-234,12,12.16,108,30,6,2010,Central,U
Wells,W-253,12,12.16,108,27,6,2010,Central,U
Wells,W-235,12,12.15,109,23,6,2010,Central,U
Wells,W-243,12,12.15,109,24,6,2010,Central,U
Wells,W-221,12,12.16,109,30,6,2010,Central,U
Wells,W-224,12,12.16,109,30,6,2010,Central,U
Wells,W-231,12,12.16,109,30,6,2010,Central,U
Wells,W-232,12,12.16,109,30,6,2010,Central,U
Wells,W-255,12,12.16,109,27,6,2010,Central,U
Wells,W-225,12,12.16,111,30,6,2010,Central,U
Wells,W-366,12,12.21,111.4,18,7,1990,Central,M
Wells,W-385,12,12.32,112,25,8,1993,Central,M
Wells,W-257,12,12.16,112,28,6,2010,Central,U
Wells,W-370,12,12.27,112.5,6,8,1990,Central,M
Wells,W-367,12,12.21,113,18,7,1990,Central,M
Wells,W-241,12,12.15,113,24,6,2010,Central,U
Wells,W-229,12,12.16,113,30,6,2010,Central,U
Wells,W-233,12,12.16,113,30,6,2010,Central,U
Wells,W-249,12,12.16,113,27,6,2010,Central,U
Wells,W-351,12,12.12,113.5,12,6,1990,Central,M
Wells,W-380,12,12.31,114.2,23,8,1993,Central,M
Wells,W-372,12,12.27,114.5,6,8,1990,Central,M
Wells,W-238,12,12.15,115,24,6,2010,Central,U
Wells,W-362,12,12.19,115.2,11,7,1990,Central,M
Wells,W-365,12,12.21,115.6,18,7,1990,Central,M
Wells,W-364,12,12.21,115.8,18,7,1990,Central,M
Wells,W-360,12,12.19,116.3,11,7,1990,Central,M
Wells,W-368,12,12.24,116.8,26,7,1990,Central,M
Wells,W-252,13,13.16,107,27,6,2010,Central,U
Wells,W-246,13,13.16,113,27,6,2010,Central,U
Wells,W-227,13,13.16,116,30,6,2010,Central,U
Wells,W-250,13,13.16,116,27,6,2010,Central,U
Wells,W-358,13,13.15,117,26,6,1990,Central,M
Wells,W-363,13,13.21,117,18,7,1990,Central,M
Wells,W-377,13,13.08,117,30,5,1991,Central,M
Wells,W-384,13,13.3,117.1,20,8,1993,Central,M
Wells,W-247,13,13.16,118,27,6,2010,Central,U
Wells,W-369,13,13.27,119.9,6,8,1990,Central,M
Wells,W-381,13,13.31,121,22,8,1993,Central,M
Wells,W-226,13,13.16,121,30,6,2010,Central,U
Wells,W-228,13,13.16,124,30,6,2010,Central,U
Wells,W-237,13,13.15,125,24,6,2010,Central,U
Wells,W-242,14,14.15,112,24,6,2010,Central,U
Wells,W-240,14,14.15,117,24,6,2010,Central,U
Wells,W-256,14,14.16,119,27,6,2010,Central,U
Wells,W-376,14,14.04,120.3,17,5,1991,Central,M
Wells,W-356,14,14.15,120.5,26,6,1990,Central,M
Wells,W-359,14,14.16,120.6,29,6,1990,Central,M
Wells,W-355,14,14.13,121,19,6,1990,Central,M
Wells,W-386,14,14.3,122.2,20,8,1993,Central,M
Wells,W-383,14,14.32,123.2,24,8,1993,Central,M
Wells,W-248,14,14.16,125,27,6,2010,Central,U
Wells,W-245,14,14.15,127,24,6,2010,Central,U
Wells,W-236,15,15.15,128,24,6,2010,Central,U
